client_id,first_name,last_name,phone_number,document_id
62294f94fc13ae30b200006a,Natka,Dible,202-887-9971,74-105-3121
62294f94fc13ae30b200006b,Gasparo,Chattoe,961-436-2248,27-441-2577
62294f94fc13ae30b200006c,Dean,Ladd,946-783-0724,53-256-8467
62294f94fc13ae30b200006d,Robbi,Swains,645-126-9095,63-233-7191
62294f94fc13ae30b200006e,Claude,Checketts,298-439-6496,93-694-8820
62294f94fc13ae30b200006f,Beatriz,Antonescu,102-615-0205,93-748-6611
62294f94fc13ae30b2000070,Den,Hesey,687-730-3354,01-375-2885
62294f94fc13ae30b2000071,Jobie,Semrad,882-375-9843,42-346-7837
62294f94fc13ae30b2000072,Beryl,Gymblett,355-307-9281,57-556-6812
62294f94fc13ae30b2000073,Carola,De Gregario,207-165-4430,92-762-7714
62294f94fc13ae30b2000074,Guthrie,Killough,285-425-8743,34-607-6252
62294f94fc13ae30b2000075,Johann,Billings,289-378-7575,60-065-3321
62294f94fc13ae30b2000076,Eleen,Woodruff,968-802-2368,14-882-2131
62294f94fc13ae30b2000077,Lurlene,Barff,411-271-6112,61-426-5781
62294f94fc13ae30b2000078,Abby,Heelis,128-601-2843,95-733-2640
62294f94fc13ae30b2000079,Odie,Krale,210-471-9883,21-326-4893
62294f94fc13ae30b200007a,Ava,Rowbottom,281-454-1663,59-026-2808
62294f94fc13ae30b200007b,Levon,Tregiddo,554-384-7685,51-661-3345
62294f94fc13ae30b200007c,Quintin,Pedroli,363-202-2723,52-754-9714
62294f94fc13ae30b200007d,Damian,Bleackley,393-796-7216,79-902-7102
62294f94fc13ae30b200007e,Daveen,Gecks,510-140-3847,44-006-6138
62294f94fc13ae30b200007f,Marci,Cridlon,598-855-0909,90-914-1492
62294f94fc13ae30b2000080,Wally,Gosart,715-305-5412,49-409-7876
62294f94fc13ae30b2000081,Ebony,Kauscher,338-640-1166,15-771-3450
62294f94fc13ae30b2000082,Etty,Evanson,319-868-9915,63-026-8117
62294f94fc13ae30b2000083,Devondra,Trawin,411-706-9079,34-744-0226
62294f94fc13ae30b2000084,Mauricio,Jordon,757-608-8605,63-933-6939
62294f94fc13ae30b2000085,Anthony,Scarsbrooke,193-495-7067,58-521-6031
62294f94fc13ae30b2000086,Karlee,Ledur,524-730-7657,67-709-3314
62294f94fc13ae30b2000087,Franzen,Worssam,439-224-5043,00-368-0386
62294f94fc13ae30b2000088,Dorey,Musso,959-611-6939,49-049-7784
62294f94fc13ae30b2000089,Zebulen,Bellas,188-306-2758,79-712-0666
62294f94fc13ae30b200008a,Halimeda,MacNess,983-283-7569,42-244-4254
62294f94fc13ae30b200008b,Katharina,Vickers,766-301-0494,73-929-6014
62294f94fc13ae30b200008c,Kincaid,Sodor,446-372-7413,87-217-3623
62294f94fc13ae30b200008d,Maurits,Marusic,611-924-4250,69-136-4551
62294f94fc13ae30b200008e,Derby,Gullifant,903-363-7218,49-827-6524
62294f94fc13ae30b200008f,Glennis,Attack,608-239-6805,28-375-4102
62294f94fc13ae30b2000090,Thorn,Windsor,818-417-0764,01-781-4796
62294f94fc13ae30b2000091,Alanna,Lambdon,395-361-6146,82-556-5496
62294f94fc13ae30b2000092,Geoffrey,Readmire,742-350-9214,09-374-8661
62294f94fc13ae30b2000093,Minette,Bennike,791-487-7550,68-667-9075
62294f94fc13ae30b2000094,Alaine,Jakel,817-275-9898,31-563-9673
62294f94fc13ae30b2000095,Garnet,Dow,176-240-6911,04-541-0189
62294f94fc13ae30b2000096,Weber,Peckham,736-506-4515,44-892-3962
62294f94fc13ae30b2000097,Jeni,Lampitt,929-354-8240,24-684-2422
62294f94fc13ae30b2000098,Blake,Tripcony,676-244-5474,27-100-9924
62294f94fc13ae30b2000099,Doug,Haestier,731-861-0585,81-285-7831
62294f94fc13ae30b200009a,Silas,Morley,889-900-1076,10-638-4816
62294f94fc13ae30b200009b,Venus,Bezarra,268-619-7426,88-404-5564
62294f94fc13ae30b200009c,Dorothy,De Brett,781-411-7284,14-040-2757
62294f94fc13ae30b200009d,Crista,Inder,259-926-8595,51-560-6464
62294f94fc13ae30b200009e,Carlie,Haibel,597-682-5895,25-197-7867
62294f94fc13ae30b200009f,Dyane,O'Glassane,232-506-2327,13-715-3577
62294f94fc13ae30b20000a0,Denys,Fenwick,106-320-7924,62-793-3267
62294f94fc13ae30b20000a1,Kelsy,Villa,757-674-0991,07-875-8683
62294f94fc13ae30b20000a2,Larissa,Leale,986-657-7731,19-487-2593
62294f94fc13ae30b20000a3,Emylee,Wyldish,514-711-0528,57-947-5245
62294f94fc13ae30b20000a4,D'arcy,Roiz,139-441-5534,07-451-3837
62294f94fc13ae30b20000a5,Corliss,Blakeston,395-187-4524,77-036-4487
62294f94fc13ae30b20000a6,Neddy,Krink,540-804-0761,65-501-2888
62294f94fc13ae30b20000a7,Jennifer,Pinchback,169-281-2568,82-575-7228
62294f94fc13ae30b20000a8,Erv,Fiddian,333-259-0951,71-228-6509
62294f94fc13ae30b20000a9,Betsy,Clouter,111-409-5696,04-104-2304
62294f94fc13ae30b20000aa,Oneida,Clawe,472-533-9884,37-523-0402
62294f94fc13ae30b20000ab,Terra,Brunn,283-777-1555,91-959-0580
62294f94fc13ae30b20000ac,Shelton,Malafe,589-379-3150,10-725-1708
62294f94fc13ae30b20000ad,Halette,Ballard,192-387-6116,51-239-5184
62294f94fc13ae30b20000ae,Morris,Willmett,573-561-2256,02-409-9917
62294f94fc13ae30b20000af,Katharina,Harrema,291-788-9249,54-399-4377
62294f94fc13ae30b20000b0,Marv,Boik,655-126-9667,21-604-9677
62294f94fc13ae30b20000b1,Adele,Nuscha,109-804-4974,85-489-2953
62294f94fc13ae30b20000b2,Casar,Stanes,864-652-6080,03-951-9841
62294f94fc13ae30b20000b3,Loleta,Martinek,911-277-2496,43-078-1227
62294f94fc13ae30b20000b4,Phineas,Garvey,656-358-9144,51-848-6537
62294f94fc13ae30b20000b5,Meredith,Giorgioni,987-498-3101,51-610-1563
62294f94fc13ae30b20000b6,Rance,Pinke,610-295-0866,65-187-3404
62294f94fc13ae30b20000b7,Vance,Alldis,109-267-1990,14-253-8160
62294f94fc13ae30b20000b8,Steward,Mapplethorpe,865-615-4959,22-643-3750
62294f94fc13ae30b20000b9,Teri,Harwell,566-832-6257,42-277-5209
62294f94fc13ae30b20000ba,Pepito,Bownd,598-138-2055,96-558-9133
62294f94fc13ae30b20000bb,Cathlene,Allbut,193-364-2915,55-996-0413
62294f94fc13ae30b20000bc,Brockie,Sawdy,217-515-0545,92-652-7161
62294f94fc13ae30b20000bd,Jilly,Comrie,457-719-0531,55-161-6489
62294f94fc13ae30b20000be,Frederica,Hanscom,362-918-5325,74-805-0129
62294f94fc13ae30b20000bf,Mala,McWhirter,565-240-3370,87-465-2385
62294f94fc13ae30b20000c0,Aube,Hercules,417-198-1003,67-189-3416
62294f94fc13ae30b20000c1,Massimo,Coupman,557-806-0762,40-085-8304
62294f94fc13ae30b20000c2,Thomas,Hallawell,906-700-4694,16-635-6900
62294f94fc13ae30b20000c3,Ronalda,Suller,172-528-5669,02-885-3334
62294f94fc13ae30b20000c4,Linette,Falconer-Taylor,584-826-1782,17-401-8345
62294f94fc13ae30b20000c5,Weston,Sprigin,824-878-5051,70-323-6322
62294f94fc13ae30b20000c6,June,Kilbee,536-622-8487,52-469-0188
62294f94fc13ae30b20000c7,Fraze,Smyley,770-456-5309,02-726-5846
62294f94fc13ae30b20000c8,Anissa,Connaughton,667-566-1817,33-872-5409
62294f94fc13ae30b20000c9,Denys,Girodon,946-119-6632,16-264-3894
62294f94fc13ae30b20000ca,Gilburt,Croizier,251-362-8702,27-029-8324
62294f94fc13ae30b20000cb,Evin,Armin,791-841-5942,69-998-2639
62294f94fc13ae30b20000cc,Kristine,Maidlow,787-783-6304,07-540-9639
62294f94fc13ae30b20000cd,Heida,Giacobini,368-144-2307,61-199-0967
